Date,Close,Actual,Logistic_Prediction,RandomForest_Prediction,Actual_Label,Logistic_Label,RandomForest_Label
2025-10-14,1369.5677490234375,0,1,1,DOWN,UP,UP
2025-10-15,1367.97509765625,1,1,1,UP,UP,UP
2025-10-16,1391.8646240234375,1,1,1,UP,UP,UP
2025-10-17,1410.279541015625,1,1,1,UP,UP,UP
2025-10-20,1460.04931640625,0,1,0,DOWN,UP,DOWN
2025-10-21,1458.4566650390625,0,0,0,DOWN,DOWN,DOWN
2025-10-23,1441.7340087890625,1,0,0,UP,DOWN,DOWN
2025-10-24,1444.9193115234375,1,0,0,UP,DOWN,DOWN
2025-10-27,1477.2696533203125,1,1,0,UP,UP,DOWN
2025-10-28,1480.056884765625,1,0,0,UP,DOWN,DOWN
2025-10-29,1497.277099609375,0,0,0,DOWN,DOWN,DOWN
2025-10-30,1481.6494140625,0,0,0,DOWN,DOWN,DOWN
2025-10-31,1479.5592041015625,0,0,0,DOWN,DOWN,DOWN
2025-11-03,1477.866943359375,0,0,0,DOWN,DOWN,DOWN
2025-11-04,1466.3203125,1,0,0,UP,DOWN,DOWN
2025-11-06,1489.2144775390625,0,0,0,DOWN,DOWN,DOWN
2025-11-07,1471.19775390625,1,0,0,UP,DOWN,DOWN
2025-11-10,1482.44580078125,1,0,0,UP,DOWN,DOWN
2025-11-11,1486.5269775390625,1,0,0,UP,DOWN,DOWN
2025-11-12,1504.5435791015625,0,1,0,DOWN,UP,DOWN
2025-11-13,1503.9464111328125,1,0,0,UP,DOWN,DOWN
2025-11-14,1511.9095458984375,0,0,0,DOWN,DOWN,DOWN
2025-11-17,1511.3123779296875,1,0,0,UP,DOWN,DOWN
2025-11-18,1512.4072265625,0,0,0,DOWN,DOWN,DOWN
2025-11-19,1511.9095458984375,1,0,0,UP,DOWN,DOWN
2025-11-20,1541.9705810546875,0,1,0,DOWN,UP,DOWN
2025-11-21,1539.4820556640625,0,0,0,DOWN,DOWN,DOWN
2025-11-24,1528.831298828125,1,0,1,UP,DOWN,UP
2025-11-25,1532.61376953125,1,0,0,UP,DOWN,DOWN
2025-11-26,1562.6748046875,0,0,0,DOWN,DOWN,DOWN
2025-11-27,1556.2047119140625,1,0,0,UP,DOWN,DOWN
2025-11-28,1560.285888671875,0,0,0,DOWN,DOWN,DOWN
2025-12-01,1558.892333984375,0,0,0,DOWN,DOWN,DOWN
2025-12-02,1539.1834716796875,0,0,1,DOWN,DOWN,UP
2025-12-03,1531.718017578125,0,0,0,DOWN,DOWN,DOWN
2025-12-04,1528.53271484375,1,0,1,UP,DOWN,UP
2025-12-05,1533.5096435546875,1,0,0,UP,DOWN,DOWN
2025-12-08,1535.898681640625,0,0,0,DOWN,DOWN,DOWN
2025-12-09,1522.3612060546875,1,0,0,UP,DOWN,DOWN
2025-12-10,1529.8267822265625,1,0,0,UP,DOWN,DOWN
2025-12-11,1537.889404296875,1,0,0,UP,DOWN,DOWN
2025-12-12,1549.3365478515625,0,0,0,DOWN,DOWN,DOWN
2025-12-15,1549.037841796875,0,0,0,DOWN,DOWN,DOWN
2025-12-16,1535.201904296875,1,0,0,UP,DOWN,DOWN
2025-12-17,1537.292236328125,0,0,0,DOWN,DOWN,DOWN
2025-12-18,1537.292236328125,1,0,0,UP,DOWN,DOWN
2025-12-19,1557.8968505859375,1,1,0,UP,UP,DOWN
2025-12-22,1568.1495361328125,0,0,0,DOWN,DOWN,DOWN
2025-12-23,1563.4710693359375,0,0,0,DOWN,DOWN,DOWN
2025-12-24,1551.0286865234375,1,0,0,UP,DOWN,DOWN
2025-12-26,1552.0240478515625,0,0,0,DOWN,DOWN,DOWN
2025-12-29,1538.4866943359375,0,0,0,DOWN,DOWN,DOWN
2025-12-30,1532.71337890625,1,0,0,UP,DOWN,DOWN
2025-12-31,1563.172607421875,1,0,0,UP,DOWN,DOWN
2026-01-01,1568.3485107421875,1,0,0,UP,DOWN,DOWN
2026-01-02,1584.9718017578125,0,0,0,DOWN,DOWN,DOWN
2026-01-05,1570.8370361328125,0,0,0,DOWN,DOWN,DOWN
2026-01-06,1500.6614990234375,0,0,0,DOWN,DOWN,DOWN
2026-01-07,1497.277099609375,0,0,0,DOWN,DOWN,DOWN
2026-01-08,1463.831787109375,1,0,0,UP,DOWN,DOWN
2026-01-09,1468.51025390625,1,0,0,UP,DOWN,DOWN
2026-01-12,1476.373779296875,0,0,0,DOWN,DOWN,DOWN
2026-01-13,1446.11376953125,1,0,1,UP,DOWN,UP
2026-01-14,1452.086181640625,0,0,0,DOWN,DOWN,DOWN
2026-01-15,1452.086181640625,0,0,0,DOWN,DOWN,DOWN
2026-01-16,1451.1903076171875,0,1,0,DOWN,UP,DOWN
2026-01-19,1407.0941162109375,0,0,0,DOWN,DOWN,DOWN
2026-01-20,1387.5843505859375,1,0,0,UP,DOWN,DOWN
2026-01-21,1398.1356201171875,0,1,0,DOWN,UP,DOWN
2026-01-22,1396.0452880859375,0,1,0,DOWN,UP,DOWN
2026-01-23,1379.720703125,0,1,0,DOWN,UP,DOWN
2026-01-27,1374.146484375,1,1,0,UP,UP,DOWN
2026-01-28,1390.2718505859375,0,1,0,DOWN,UP,DOWN
2026-01-29,1384.59814453125,1,1,1,UP,UP,UP
2026-01-30,1388.9779052734375,0,1,1,DOWN,UP,UP
2026-02-02,1384.0009765625,1,0,1,UP,DOWN,UP
2026-02-03,1430.4859619140625,1,1,1,UP,UP,UP
2026-02-04,1450.095458984375,0,1,1,DOWN,UP,UP
2026-02-05,1436.757080078125,1,1,1,UP,UP,UP
2026-02-06,1444.123046875,1,1,1,UP,UP,UP
2026-02-09,1454.873291015625,0,0,0,DOWN,DOWN,DOWN
2026-02-10,1451.7874755859375,1,0,0,UP,DOWN,DOWN
2026-02-11,1461.9405517578125,0,0,0,DOWN,DOWN,DOWN
2026-02-12,1442.231689453125,0,0,1,DOWN,DOWN,UP
2026-02-13,1413.0665283203125,1,0,1,UP,DOWN,UP
2026-02-16,1430.4859619140625,0,0,1,DOWN,DOWN,UP
2026-02-17,1416.450927734375,1,0,1,UP,DOWN,UP
2026-02-18,1434.666748046875,0,0,1,DOWN,DOWN,UP
2026-02-19,1403.0130615234375,1,0,1,UP,DOWN,UP
2026-02-20,1412.8675537109375,1,0,1,UP,DOWN,UP
2026-02-23,1421.4278564453125,1,1,1,UP,UP,UP
2026-02-24,1422.2242431640625,0,1,1,DOWN,UP,UP
2026-02-25,1392.063720703125,1,0,1,UP,DOWN,UP
2026-02-26,1400.3255615234375,0,1,1,DOWN,UP,UP
2026-02-27,1387.48486328125,0,0,1,DOWN,DOWN,UP
2026-03-02,1351.75,0,0,1,DOWN,DOWN,UP
2026-03-04,1338.8099365234375,1,1,1,UP,UP,UP
2026-03-05,1383.005615234375,1,1,1,UP,UP,UP
2026-03-06,1398.334716796875,1,1,1,UP,UP,UP
2026-03-09,1417.4462890625,0,1,1,DOWN,UP,UP
2026-03-10,1402.3162841796875,0,1,1,DOWN,UP,UP
2026-03-11,1383.8017578125,1,1,1,UP,UP,UP
2026-03-12,1385.7926025390625,0,1,1,DOWN,UP,UP
2026-03-13,1374.3455810546875,1,1,1,UP,UP,UP
2026-03-16,1388.6793212890625,1,1,1,UP,UP,UP
2026-03-17,1391.167724609375,1,1,1,UP,UP,UP
2026-03-18,1401.6195068359375,0,1,1,DOWN,UP,UP
2026-03-19,1378.4267578125,1,0,1,UP,DOWN,UP
2026-03-20,1407.8905029296875,0,1,1,DOWN,UP,UP
2026-03-23,1401.3209228515625,1,0,1,UP,DOWN,UP
2026-03-24,1405.302490234375,1,1,1,UP,UP,UP
2026-03-25,1406.596435546875,0,1,1,DOWN,UP,UP
2026-03-27,1341.8956298828125,0,0,1,DOWN,DOWN,UP
2026-03-30,1337.7149658203125,1,1,1,UP,UP,UP
2026-04-01,1362.8984375,0,1,1,DOWN,UP,UP
2026-04-02,1344.2845458984375,0,1,1,DOWN,UP,UP
2026-04-06,1298.6953125,0,1,1,DOWN,UP,UP
2026-04-07,1298.5958251953125,1,1,1,UP,UP,UP
2026-04-08,1341.5970458984375,0,1,1,DOWN,UP,UP
2026-04-09,1323.87890625,1,1,1,UP,UP,UP
2026-04-10,1343.9859619140625,0,1,1,DOWN,UP,UP
2026-04-13,1309.0474853515625,1,0,1,UP,DOWN,UP
2026-04-15,1337.9140625,0,1,1,DOWN,UP,UP
2026-04-16,1337.1177978515625,1,1,1,UP,UP,UP
2026-04-17,1358.7178955078125,0,1,1,DOWN,UP,UP
2026-04-20,1357.0257568359375,0,1,1,DOWN,UP,UP
2026-04-21,1347.07177734375,1,1,1,UP,UP,UP
2026-04-22,1355.8311767578125,0,1,1,DOWN,UP,UP
2026-04-23,1337.21728515625,0,0,1,DOWN,DOWN,UP
2026-04-24,1321.6890869140625,1,0,1,UP,DOWN,UP
2026-04-27,1359.51416015625,1,1,1,UP,UP,UP
2026-04-28,1382.5078125,1,1,1,UP,UP,UP
2026-04-29,1418.83984375,1,1,1,UP,UP,UP
2026-04-30,1424.215087890625,0,1,1,DOWN,UP,UP
2026-05-01,1424.215087890625,1,0,0,UP,DOWN,DOWN
2026-05-04,1456.3663330078125,1,1,0,UP,UP,DOWN
2026-05-05,1456.864013671875,0,1,0,DOWN,UP,DOWN
2026-05-06,1431.2823486328125,0,0,0,DOWN,DOWN,DOWN
2026-05-07,1429.590087890625,0,1,0,DOWN,UP,DOWN
2026-05-08,1428.5947265625,0,0,0,DOWN,DOWN,DOWN
2026-05-11,1381.81103515625,0,0,1,DOWN,DOWN,UP
2026-05-12,1357.722412109375,0,0,1,DOWN,DOWN,UP
2026-05-13,1352.54638671875,1,0,1,UP,DOWN,UP
2026-05-14,1355.5325927734375,0,1,1,DOWN,UP,UP
2026-05-15,1330.24951171875,0,0,1,DOWN,DOWN,UP
2026-05-18,1329.7518310546875,0,1,1,DOWN,UP,UP
2026-05-19,1316.6124267578125,1,1,1,UP,UP,UP
2026-05-20,1353.442138671875,0,1,1,DOWN,UP,UP
2026-05-21,1343.388671875,1,1,1,UP,UP,UP
2026-05-22,1348.26611328125,1,1,1,UP,UP,UP
2026-05-25,1360.7086181640625,0,1,1,DOWN,UP,UP
2026-05-26,1350.0579833984375,0,1,1,DOWN,UP,UP
2026-05-27,1344.2845458984375,0,1,1,DOWN,UP,UP
2026-05-28,1344.2845458984375,0,1,1,DOWN,UP,UP
2026-05-29,1315.119384765625,0,1,1,DOWN,UP,UP
2026-06-01,1313.9249267578125,0,1,1,DOWN,UP,UP
2026-06-02,1308.5498046875,0,1,1,DOWN,UP,UP
2026-06-03,1307.15625,0,1,1,DOWN,UP,UP
2026-06-04,1297.699951171875,0,1,1,DOWN,UP,UP
2026-06-05,1291.0,0,1,1,DOWN,UP,UP
2026-06-08,1263.300048828125,1,0,1,UP,DOWN,UP
2026-06-09,1269.199951171875,0,1,0,DOWN,UP,DOWN
2026-06-10,1258.800048828125,1,1,1,UP,UP,UP
2026-06-11,1263.0,1,1,0,UP,UP,DOWN
2026-06-12,1293.0,1,1,1,UP,UP,UP
2026-06-15,1307.0,1,1,1,UP,UP,UP
2026-06-16,1328.800048828125,1,1,1,UP,UP,UP
2026-06-17,1332.699951171875,0,1,1,DOWN,UP,UP
2026-06-18,1328.0999755859375,0,1,1,DOWN,UP,UP
2026-06-19,1309.5,1,1,1,UP,UP,UP
2026-06-22,1326.5,0,1,1,DOWN,UP,UP
2026-06-23,1309.5,1,1,1,UP,UP,UP
2026-06-24,1313.5999755859375,1,1,0,UP,UP,DOWN
2026-06-25,1318.0999755859375,0,1,0,DOWN,UP,DOWN
2026-06-26,1318.0999755859375,0,0,0,DOWN,DOWN,DOWN
2026-06-29,1301.0,0,0,0,DOWN,DOWN,DOWN
2026-06-30,1293.9000244140625,1,1,0,UP,UP,DOWN
2026-07-01,1308.0,0,1,0,DOWN,UP,DOWN
2026-07-02,1303.5,1,1,0,UP,UP,DOWN
2026-07-03,1304.0,1,1,0,UP,UP,DOWN
2026-07-06,1321.300048828125,0,1,0,DOWN,UP,DOWN
2026-07-07,1308.4000244140625,0,1,1,DOWN,UP,UP
2026-07-08,1275.9000244140625,1,1,1,UP,UP,UP
2026-07-09,1279.800048828125,1,1,0,UP,UP,DOWN
2026-07-10,1307.800048828125,0,1,0,DOWN,UP,DOWN
2026-07-13,1296.9000244140625,0,0,0,DOWN,DOWN,DOWN
2026-07-14,1293.0,1,1,0,UP,UP,DOWN
2026-07-15,1295.5,1,1,0,UP,UP,DOWN
2026-07-16,1296.5999755859375,1,1,0,UP,UP,DOWN
2026-07-17,1327.199951171875,0,1,0,DOWN,UP,DOWN
2026-07-20,1323.0999755859375,0,1,1,DOWN,UP,UP
2026-07-21,1303.699951171875,0,0,1,DOWN,DOWN,UP
2026-07-22,1288.5999755859375,0,0,0,DOWN,DOWN,DOWN
2026-07-23,1272.199951171875,1,0,0,UP,DOWN,DOWN
2026-07-24,1278.0,1,1,0,UP,UP,DOWN
2026-07-27,1280.0,0,1,0,DOWN,UP,DOWN
2026-07-28,1267.699951171875,1,0,0,UP,DOWN,DOWN
2026-07-29,1275.9000244140625,1,1,0,UP,UP,DOWN
2026-07-30,1292.9000244140625,1,1,1,UP,UP,UP
2026-07-31,1307.800048828125,1,1,0,UP,UP,DOWN
2026-08-03,1319.0,0,1,0,DOWN,UP,DOWN
2026-08-04,1290.9000244140625,0,0,1,DOWN,DOWN,UP
2026-08-05,1280.0,1,1,0,UP,UP,DOWN
2026-08-06,1325.0,1,1,1,UP,UP,UP
2026-08-07,1334.800048828125,0,1,0,DOWN,UP,DOWN
2026-08-10,1327.300048828125,0,0,0,DOWN,DOWN,DOWN
2026-08-11,1323.9000244140625,1,0,1,UP,DOWN,UP
2026-08-12,1329.0,0,0,0,DOWN,DOWN,DOWN
2026-08-13,1317.0,0,0,0,DOWN,DOWN,DOWN
2026-08-14,1310.0,1,0,0,UP,DOWN,DOWN
2026-08-17,1316.0,1,1,0,UP,UP,DOWN
2026-08-18,1322.0,0,0,0,DOWN,DOWN,DOWN
2026-08-19,1311.0,1,0,0,UP,DOWN,DOWN
2026-08-20,1313.199951171875,1,0,0,UP,DOWN,DOWN
2026-08-21,1316.0,0,0,0,DOWN,DOWN,DOWN
2026-08-24,1309.800048828125,1,0,0,UP,DOWN,DOWN
2026-08-25,1317.0,0,0,0,DOWN,DOWN,DOWN
2026-08-26,1298.0,0,0,0,DOWN,DOWN,DOWN
2026-08-27,1282.199951171875,1,1,1,UP,UP,UP
2026-08-28,1287.0,0,1,0,DOWN,UP,DOWN
2026-08-31,1277.0,1,1,1,UP,UP,UP
2026-09-01,1309.0,1,1,1,UP,UP,UP
2026-09-02,1313.0999755859375,0,1,0,DOWN,UP,DOWN
2026-09-03,1302.5,1,0,0,UP,DOWN,DOWN
2026-09-04,1322.0,0,1,1,DOWN,UP,UP
2026-09-07,1309.5,0,0,1,DOWN,DOWN,UP
2026-09-08,1294.9000244140625,0,0,0,DOWN,DOWN,DOWN
2026-09-09,1279.0,0,0,0,DOWN,DOWN,DOWN
2026-09-10,1274.0,0,1,0,DOWN,UP,DOWN
2026-09-11,1257.5,0,0,0,DOWN,DOWN,DOWN
2026-09-14,1257.5,0,0,0,DOWN,DOWN,DOWN
2026-09-15,1235.300048828125,1,0,0,UP,DOWN,DOWN
2026-09-16,1240.0,1,1,0,UP,UP,DOWN
2026-09-17,1243.9000244140625,0,1,0,DOWN,UP,DOWN
2026-09-18,1226.4000244140625,1,1,0,UP,UP,DOWN
2026-09-21,1247.4000244140625,0,1,1,DOWN,UP,UP
2026-09-22,1240.4000244140625,1,1,0,UP,UP,DOWN
2026-09-23,1248.0,0,1,0,DOWN,UP,DOWN
2026-09-24,1219.199951171875,1,1,1,UP,UP,UP
